"Date","Price","Open","High","Low","Vol.","Change %"
"02/22/2024","10.50","10.50","10.60","10.40","2.66M","0.00%"
"02/21/2024","10.50","10.30","10.60","10.30","2.65M","1.94%"
"02/20/2024","10.30","10.30","10.40","10.20","1.61M","0.98%"
"02/19/2024","10.20","10.10","10.50","10.10","4.19M","3.03%"
"02/16/2024","9.90","9.70","9.90","9.60","3.25M","3.12%"
"02/15/2024","9.60","9.70","9.80","9.60","2.05M","-1.03%"
"02/14/2024","9.70","9.60","9.80","9.60","468.15K","1.04%"
"02/13/2024","9.60","9.50","9.60","9.50","2.26M","2.13%"
"02/12/2024","9.40","9.40","9.60","9.30","2.15M","0.00%"
"02/09/2024","9.40","9.30","9.50","9.30","389.15K","1.08%"
"02/08/2024","9.30","9.30","9.50","9.20","1.05M","1.09%"
"02/07/2024","9.20","9.30","9.30","9.10","324.24K","-1.08%"
"02/06/2024","9.30","9.20","9.30","9.20","120.29K","0.00%"
"02/02/2024","9.30","9.10","9.30","9.00","181.27K","3.33%"
"02/01/2024","9.00","9.10","9.20","9.00","4.39M","0.00%"
"01/31/2024","9.00","9.00","9.10","9.00","3.86M","0.00%"
"01/30/2024","9.00","9.00","9.10","8.90","17.56M","1.12%"
"01/29/2024","8.90","8.90","9.00","8.90","4.31M","1.14%"
"01/26/2024","8.80","8.80","8.80","8.70","2.22M","2.33%"
"01/24/2024","8.60","8.70","8.70","8.60","1.05M","-1.15%"
"01/23/2024","8.70","8.80","8.80","8.60","475.28K","-1.14%"
"01/22/2024","8.80","8.80","9.00","8.70","180.38K","-1.12%"
"01/19/2024","8.90","9.00","9.00","8.80","9.13K","-1.11%"
"01/18/2024","9.00","8.70","9.00","8.70","5.49K","3.45%"
"01/17/2024","8.70","8.90","8.90","8.70","13.17K","-1.14%"
"01/16/2024","8.80","9.00","9.00","8.80","1.23M","-2.22%"
"01/12/2024","9.00","8.80","9.00","8.70","2.53M","2.27%"
"01/11/2024","8.80","9.00","9.00","8.70","3.43M","-1.12%"
"01/10/2024","8.90","9.00","9.00","8.80","111.01K","-1.11%"
"01/09/2024","9.00","8.90","9.00","8.70","6.00M","0.00%"
"01/08/2024","9.00","9.00","9.00","8.80","3.08M","0.00%"
"01/05/2024","9.00","8.80","9.10","8.80","35.13K","3.45%"
"01/04/2024","8.70","9.00","9.00","8.70","424.16K","-2.25%"
"01/03/2024","8.90","9.00","9.10","8.90","167.37K","0.00%"
"01/02/2024","8.90","8.90","9.00","8.90","154.09K","-1.11%"
"12/29/2023","9.00","8.90","9.00","8.90","63.56K","0.00%"
"12/28/2023","9.00","8.90","9.10","8.90","304.97K","1.12%"
"12/27/2023","8.90","8.80","8.90","8.70","36.92K","1.14%"
"12/22/2023","8.80","8.80","9.00","8.70","183.38K","-1.12%"
"12/21/2023","8.90","8.90","9.00","8.70","431.28K","1.14%"
"12/20/2023","8.80","8.90","8.90","8.80","1.16M","-1.12%"
"12/19/2023","8.90","9.00","9.00","8.80","1.21M","0.00%"
"12/18/2023","8.90","9.00","9.00","8.90","554.35K","0.00%"
"12/15/2023","8.90","9.00","9.00","8.80","1.14M","0.00%"
"12/14/2023","8.90","9.00","9.20","8.80","1.11M","-1.11%"
"12/13/2023","9.00","9.10","9.10","9.00","209.44K","-1.10%"
"12/12/2023","9.10","9.10","9.20","9.00","17.51K","0.00%"
"12/11/2023","9.10","9.20","9.20","9.00","32.36K","0.00%"
"12/08/2023","9.10","9.10","9.20","9.00","3.15M","1.11%"
"12/07/2023","9.00","9.10","9.10","9.00","342.21K","-1.10%"
"12/06/2023","9.10","9.10","9.10","9.00","220.60K","0.00%"
"12/05/2023","9.10","9.20","9.20","9.00","67.59K","0.00%"
"12/04/2023","9.10","9.00","9.20","9.00","89.51K","1.11%"
"12/01/2023","9.00","9.20","9.20","8.90","135.07K","1.12%"
"11/30/2023","8.90","9.20","9.20","8.90","614.39K","-3.26%"
"11/29/2023","9.20","9.20","9.20","9.00","40.59K","1.10%"
"11/28/2023","9.10","9.10","9.20","9.10","9.24K","-1.09%"
"11/27/2023","9.20","9.20","9.20","9.00","33.21K","0.00%"
"11/24/2023","9.20","9.20","9.20","9.00","99.23K","1.10%"
"11/23/2023","9.10","9.20","9.20","9.00","61.10K","-1.09%"
"11/22/2023","9.20","9.20","9.20","9.10","5.45K","0.00%"
"11/21/2023","9.20","9.20","9.30","9.00","25.35K","0.00%"
"11/20/2023","9.20","9.20","9.30","9.10","12.35K","2.22%"
"11/17/2023","9.00","9.20","9.20","9.00","592.37K","-3.23%"
"11/16/2023","9.30","9.10","9.30","9.10","49.70K","1.09%"
"11/15/2023","9.20","9.00","9.30","8.90","1.11M","2.22%"
"11/14/2023","9.00","9.80","9.80","8.90","5.47M","-4.26%"
"11/13/2023","9.40","9.60","9.60","9.30","378.94K","-1.05%"
"11/10/2023","9.50","9.80","9.80","9.40","288.69K","-2.06%"
"11/09/2023","9.70","9.80","9.80","9.60","1.41M","-1.02%"
"11/08/2023","9.80","9.80","9.80","9.70","62.62K","0.00%"
"11/07/2023","9.80","9.90","10.00","9.80","4.04M","1.03%"
"11/06/2023","9.70","9.80","9.90","9.70","10.26K","-1.02%"
"11/03/2023","9.80","9.70","9.80","9.70","71.82K","1.03%"
"11/02/2023","9.70","9.60","9.80","9.60","100.98K","1.04%"
"11/01/2023","9.60","9.50","9.70","9.50","12.47K","2.13%"
"10/31/2023","9.40","9.50","9.50","9.40","10.58M","-1.05%"
"10/30/2023","9.50","9.60","9.60","9.40","30.45K","2.15%"
"10/27/2023","9.30","9.40","9.70","9.10","649.40K","-1.06%"
"10/26/2023","9.40","9.60","9.80","9.40","500.54K","-2.08%"
"10/25/2023","9.60","9.90","9.90","9.60","297.51K","-1.03%"
"10/24/2023","9.70","9.90","9.90","9.70","327.90K","-1.02%"
"10/23/2023","9.80","9.90","9.90","9.80","306.51K","-1.01%"
"10/20/2023","9.90","9.90","10.30","9.80","370.81K","-1.00%"
"10/19/2023","10.00","10.00","10.10","9.90","175.74K","0.00%"
"10/18/2023","10.00","10.30","10.30","9.90","280.15K","-1.96%"
"10/17/2023","10.20","10.20","10.30","10.10","1.60M","0.00%"
"10/16/2023","10.20","10.60","10.70","10.20","3.11M","-3.77%"
"10/13/2023","10.60","10.30","10.70","10.30","33.17K","1.92%"
"10/12/2023","10.40","10.50","10.60","10.40","77.59K","-0.95%"
"10/11/2023","10.50","10.80","10.80","10.40","146.43K","-0.94%"
"10/10/2023","10.60","10.70","10.90","10.60","12.57K","-0.93%"
"10/09/2023","10.70","10.70","10.80","10.60","65.75K","-0.93%"
"10/06/2023","10.80","10.90","11.00","10.80","12.17K","-0.92%"
"10/05/2023","10.90","10.90","10.90","10.80","4.77K","0.00%"
"10/04/2023","10.90","10.90","11.00","10.70","1.92M","0.00%"
"10/03/2023","10.90","10.70","10.90","10.70","22.56K","0.93%"
"10/02/2023","10.80","11.00","11.00","10.70","272.90K","-1.82%"
"09/27/2023","11.00","11.00","11.00","10.80","115.66K","0.92%"
"09/26/2023","10.90","10.90","11.00","10.80","10.72K","0.93%"
"09/25/2023","10.80","10.90","11.00","10.80","44.22K","-1.82%"
"09/22/2023","11.00","11.00","11.10","10.80","265.13K","-2.65%"
"09/21/2023","11.30","11.20","11.40","11.00","27.14K","2.73%"
"09/20/2023","11.00","11.20","11.30","11.00","61.09K","-0.90%"
"09/19/2023","11.10","11.40","11.40","10.90","151.09K","0.00%"
"09/18/2023","11.10","11.30","11.40","11.10","43.89K","-0.89%"
"09/15/2023","11.20","11.30","11.40","11.10","1.79M","-2.61%"
"09/14/2023","11.50","11.30","11.50","11.20","9.45K","2.68%"
"09/13/2023","11.20","11.20","11.40","11.20","433.56K","-0.88%"
"09/12/2023","11.30","11.50","11.50","11.20","42.81K","-1.74%"
"09/11/2023","11.50","11.30","11.50","11.10","121.59K","2.68%"
"09/08/2023","11.20","11.30","11.50","11.20","1.14M","0.00%"
"09/07/2023","11.20","11.10","11.30","11.00","414.26K","0.90%"
"09/06/2023","11.10","11.20","11.30","11.10","538.63K","-0.89%"
"09/05/2023","11.20","11.40","11.40","11.20","43.74K","-1.75%"
"09/04/2023","11.40","11.40","11.40","11.30","12.92K","0.88%"
"09/01/2023","11.30","11.60","11.60","11.20","6.76K","-0.88%"
"08/31/2023","11.40","11.50","11.50","11.40","317.87K","0.00%"
"08/29/2023","11.40","11.60","11.60","11.30","223.93K","-0.87%"
"08/28/2023","11.50","11.40","11.50","11.30","79.23K","0.88%"
"08/25/2023","11.40","11.10","11.40","11.10","388.44K","1.79%"
"08/24/2023","11.20","11.60","11.60","11.10","90.57K","-1.75%"
"08/23/2023","11.40","11.50","11.50","11.40","219.13K","0.00%"
"08/22/2023","11.40","11.50","11.50","11.30","11.76K","-0.87%"
"08/21/2023","11.50","11.50","11.60","11.40","7.23M","0.00%"
"08/18/2023","11.50","11.80","11.80","11.40","388.82K","-1.71%"
"08/17/2023","11.70","11.90","11.90","11.60","123.39K","-0.85%"
"08/16/2023","11.80","11.20","12.00","11.10","15.41M","3.51%"
"08/15/2023","11.40","11.50","11.80","11.30","334.09K","-1.72%"
"08/14/2023","11.60","11.90","12.10","11.50","1.43M","-2.52%"
"08/11/2023","11.90","12.30","12.30","11.80","1.28M","-2.46%"
"08/10/2023","12.20","12.10","12.30","12.00","1.72M","1.67%"
"08/09/2023","12.00","12.00","12.10","12.00","877.93K","0.00%"
"08/08/2023","12.00","12.00","12.20","12.00","1.61M","0.00%"
"08/07/2023","12.00","12.00","12.30","12.00","1.23M","-0.83%"
"08/04/2023","12.10","11.50","12.30","11.20","7.00M","5.22%"
"08/03/2023","11.50","11.10","11.60","11.00","5.51M","3.60%"
"08/02/2023","11.10","11.00","11.10","11.00","417.48K","0.91%"
"07/31/2023","11.00","11.00","11.10","10.90","1.05M","-0.90%"
"07/28/2023","11.10","11.10","11.20","10.90","40.02K","-0.89%"
"07/27/2023","11.20","10.90","11.30","10.90","5.03M","2.75%"
"07/26/2023","10.90","10.90","11.00","10.80","770.81K","0.00%"
"07/25/2023","10.90","11.20","11.20","10.90","1.81M","-2.68%"
"07/24/2023","11.20","11.30","11.30","11.20","540.44K","-0.88%"
"07/21/2023","11.30","11.00","11.30","11.00","135.47K","0.89%"
"07/20/2023","11.20","11.10","11.30","10.80","1.01M","0.90%"
"07/19/2023","11.10","10.60","11.30","10.60","672.29K","2.78%"
"07/18/2023","10.80","11.00","11.00","10.60","337.49K","-1.82%"
"07/17/2023","11.00","11.00","11.10","10.90","1.04M","0.00%"
"07/14/2023","11.00","11.00","11.00","10.90","439.84K","0.00%"
"07/13/2023","11.00","11.10","11.10","10.90","2.09M","-0.90%"
"07/12/2023","11.10","11.00","11.10","11.00","1.79M","0.91%"
"07/11/2023","11.00","11.00","11.00","10.80","3.24M","0.92%"
"07/10/2023","10.90","10.80","11.10","10.80","3.15M","0.93%"
"07/07/2023","10.80","10.70","10.90","10.60","1.37M","0.93%"
"07/06/2023","10.70","10.80","10.80","10.50","1.32M","0.00%"
"07/05/2023","10.70","10.60","10.90","10.40","4.44M","2.88%"
"07/04/2023","10.40","10.40","10.50","10.30","8.85M","0.97%"
"06/28/2023","10.30","10.10","10.30","10.10","2.44M","1.98%"
"06/27/2023","10.10","10.20","10.40","10.10","32.89K","-2.88%"
"06/26/2023","10.40","10.30","10.40","10.10","2.15M","0.00%"
"06/23/2023","10.40","10.40","10.40","10.00","254.36K","0.97%"
"06/22/2023","10.30","10.30","10.50","10.10","248.18K","1.98%"
"06/21/2023","10.10","10.30","10.30","10.00","1.46M","-2.88%"
"06/20/2023","10.40","10.10","10.50","9.90","15.34M","2.97%"
"06/19/2023","10.10","10.20","10.20","10.00","51.43K","0.00%"
"06/16/2023","10.10","10.20","10.30","10.00","1.32M","-0.98%"
"06/15/2023","10.20","10.30","10.30","10.10","1.48M","-0.97%"
"06/14/2023","10.30","10.30","10.30","10.20","133.71K","0.98%"
"06/13/2023","10.20","10.30","10.30","10.20","1.57M","-0.97%"
"06/12/2023","10.30","10.10","10.40","10.10","139.01K","-0.96%"
"06/09/2023","10.40","10.30","10.40","10.20","21.94K","0.97%"
"06/08/2023","10.30","10.30","10.50","10.20","583.74K","0.00%"
"06/07/2023","10.30","10.30","10.30","10.20","164.58K","0.98%"
"06/06/2023","10.20","10.30","10.30","10.10","31.13K","0.00%"
"06/05/2023","10.20","10.20","10.30","10.10","466.08K","0.00%"
"06/02/2023","10.20","10.10","10.30","10.10","1.17M","-0.97%"
"06/01/2023","10.30","10.10","10.30","10.00","730.75K","1.98%"
"05/31/2023","10.10","10.00","10.20","10.00","8.90K","1.00%"
"05/30/2023","10.00","10.20","10.20","9.80","4.29K","-1.96%"
"05/29/2023","10.20","10.00","10.30","10.00","7.24M","0.00%"
"05/26/2023","10.20","10.00","10.20","10.00","283.74K","2.00%"
"05/25/2023","10.00","10.00","10.00","9.80","64.13K","2.04%"
"05/24/2023","9.80","9.90","10.00","9.80","131.26K","-1.01%"
"05/23/2023","9.90","9.80","9.90","9.70","55.89K","0.00%"
"05/22/2023","9.90","9.80","10.00","9.70","37.43K","-1.00%"
"05/19/2023","10.00","9.90","10.10","9.70","347.59K","0.00%"
"05/18/2023","10.00","9.80","10.00","9.70","164.58K","0.00%"
"05/17/2023","10.00","10.00","10.00","9.70","3.22M","-0.99%"
"05/16/2023","10.10","10.30","10.30","9.70","56.19K","-1.94%"
"05/15/2023","10.30","10.50","10.50","9.50","289.41K","-1.90%"
"05/12/2023","10.50","10.60","10.70","10.50","4.64M","-2.78%"
"05/11/2023","10.80","10.80","11.00","10.60","2.78M","0.00%"
"05/10/2023","10.80","10.90","11.00","10.80","1.23M","-0.92%"
"05/09/2023","10.90","11.10","11.10","10.80","839.99K","-1.80%"
"05/08/2023","11.10","11.10","11.10","11.00","4.83M","0.91%"
"05/04/2023","11.00","11.10","11.10","11.00","487.19K","-0.90%"
"05/03/2023","11.10","11.00","11.30","10.90","1.31M","1.83%"
"05/02/2023","10.90","11.00","11.10","10.80","3.17M","-0.91%"
"04/28/2023","11.00","10.80","11.10","10.80","8.53M","1.85%"
"04/27/2023","10.80","10.80","11.00","10.80","2.81M","-1.82%"
"04/26/2023","11.00","11.00","11.00","10.80","50.65K","0.00%"
"04/25/2023","11.00","11.00","11.10","10.70","8.51M","0.00%"
"04/24/2023","11.00","10.80","11.10","10.80","5.89M","0.92%"
"04/21/2023","10.90","10.90","11.00","10.80","8.46M","0.93%"
"04/20/2023","10.80","10.80","10.90","10.70","11.10M","0.93%"
"04/19/2023","10.70","10.80","10.90","10.70","804.44K","-1.83%"
"04/18/2023","10.90","10.40","10.90","10.40","12.25M","3.81%"
"04/17/2023","10.50","10.30","10.50","10.30","6.46M","0.96%"
"04/12/2023","10.40","10.40","10.40","10.20","88.91K","0.97%"
"04/11/2023","10.30","10.40","10.90","10.30","3.40M","-1.90%"
"04/10/2023","10.50","10.30","10.60","10.30","184.72K","0.96%"
"04/06/2023","10.40","10.50","10.50","10.40","1.19M","-0.95%"
"04/04/2023","10.50","10.50","10.60","10.40","2.23M","0.00%"
"04/03/2023","10.50","10.50","10.60","10.40","378.30K","0.00%"
"03/31/2023","10.50","10.60","10.60","10.40","3.59M","0.00%"
"03/30/2023","10.50","10.30","10.50","10.30","4.87M","0.96%"
"03/29/2023","10.40","10.50","10.50","10.30","78.49K","-0.95%"
"03/28/2023","10.50","10.40","10.50","10.30","600.61K","0.96%"
"03/27/2023","10.40","10.50","10.50","10.30","312.59K","-0.95%"
"03/24/2023","10.50","10.30","10.60","10.20","207.25K","0.96%"
"03/23/2023","10.40","10.40","10.60","10.30","3.80M","-0.95%"
"03/22/2023","10.50","10.20","10.50","10.10","74.80K","0.96%"
"03/21/2023","10.40","10.50","10.50","10.30","146.96K","1.96%"
"03/20/2023","10.20","10.50","10.70","10.20","1.80M","-2.86%"
"03/17/2023","10.50","10.50","10.60","10.50","79.30K","-0.94%"
"03/16/2023","10.60","10.60","10.70","10.50","8.09M","0.00%"
"03/15/2023","10.60","10.40","10.60","10.40","5.52M","1.92%"
"03/14/2023","10.40","10.10","10.40","10.10","2.52M","0.97%"
"03/13/2023","10.30","10.20","10.50","10.10","3.54M","-1.90%"
"03/10/2023","10.50","10.60","10.80","10.10","6.65M","-0.94%"
"03/09/2023","10.60","10.90","10.90","10.10","4.14M","-2.75%"
"03/08/2023","10.90","10.10","11.10","10.10","5.82M","9.00%"
"03/07/2023","10.00","9.20","10.10","9.20","3.38M","8.70%"
"03/03/2023","9.20","9.00","9.20","8.80","788.47K","3.37%"
"03/02/2023","8.90","8.90","9.00","8.90","700.88K","0.00%"
"03/01/2023","8.90","8.90","9.00","8.80","25.25K","-1.11%"
"02/28/2023","9.00","8.80","9.00","8.80","473.56K","2.27%"
"02/27/2023","8.80","8.80","8.90","8.80","28.37K","0.00%"
"02/24/2023","8.80","8.80","8.80","8.70","185.30K","-1.12%"
"02/23/2023","8.90","8.80","8.90","8.80","35.98K","1.14%"
"02/22/2023","8.80","8.80","9.00","8.80","417.86K","1.15%"
"02/21/2023","8.70","8.80","8.90","8.60","3.97M","-1.14%"
"02/20/2023","8.80","9.00","9.00","8.70","61.36K","-1.12%"
"02/17/2023","8.90","9.00","9.00","8.70","101.65K","1.14%"
"02/16/2023","8.80","9.10","9.10","8.70","348.69K","-2.22%"
"02/15/2023","9.00","8.90","9.00","8.70","41.19K","0.00%"
"02/14/2023","9.00","8.90","9.00","8.70","55.14K","1.12%"
"02/13/2023","8.90","9.40","9.40","8.80","365.80K","-6.32%"
"02/10/2023","9.50","9.50","9.60","9.50","15.81K","0.00%"
"02/09/2023","9.50","9.60","9.60","9.40","337.82K","-1.04%"
"02/08/2023","9.60","10.00","10.00","9.40","81.12K","-2.04%"
"02/07/2023","9.80","10.00","10.00","9.70","112.17K","-2.00%"
"02/06/2023","10.00","10.00","10.00","9.70","4.38M","0.00%"
"02/03/2023","10.00","9.50","10.10","9.50","7.86M","5.26%"
"02/02/2023","9.50","9.60","9.60","9.40","212.05K","0.00%"
"02/01/2023","9.50","9.40","9.60","9.40","1.74M","1.06%"
"01/31/2023","9.40","9.40","9.50","9.30","1.15M","0.00%"
"01/30/2023","9.40","9.30","9.40","9.30","659.43K","1.08%"
"01/27/2023","9.30","9.30","9.40","9.10","577.28K","1.09%"
"01/26/2023","9.20","9.20","9.30","9.20","329.03K","0.00%"
"01/25/2023","9.20","9.20","9.30","9.10","85.92K","0.00%"
"01/24/2023","9.20","9.20","9.30","9.10","375.57K","0.00%"
"01/23/2023","9.20","9.20","9.30","9.20","435.71K","0.00%"
"01/20/2023","9.20","9.10","9.30","9.10","624.31K","0.00%"
"01/19/2023","9.20","9.10","9.20","9.10","141.58K","1.10%"
"01/18/2023","9.10","9.20","9.20","9.00","477.78K","-1.09%"
"01/17/2023","9.20","9.00","9.20","9.00","987.46K","1.10%"
"01/13/2023","9.10","9.10","9.20","9.10","1.06M","1.11%"
"01/12/2023","9.00","9.00","9.10","9.00","1.62M","-1.10%"
"01/11/2023","9.10","9.20","9.20","8.90","983.79K","-1.09%"
"01/10/2023","9.20","8.80","9.20","8.80","914.25K","4.55%"
"01/09/2023","8.80","8.60","8.90","8.60","699.55K","1.15%"
"01/05/2023","8.70","8.50","8.70","8.50","175.45K","2.35%"
"01/04/2023","8.50","8.70","8.70","8.40","170.72K","-1.16%"
"01/03/2023","8.60","8.40","8.60","8.40","632.24K","1.18%"
"01/02/2023","8.50","8.50","8.50","8.40","189.47K","0.00%"
"12/30/2022","8.50","8.50","8.50","8.40","92.63K","0.00%"
"12/29/2022","8.50","8.60","8.60","8.40","39.55K","-1.16%"
"12/28/2022","8.60","8.70","8.70","8.50","14.26K","0.00%"
"12/27/2022","8.60","8.60","8.70","8.50","1.02M","0.00%"
"12/23/2022","8.60","8.60","8.70","8.60","52.32K","-2.27%"
"12/22/2022","8.80","8.80","8.80","8.50","69.60K","2.33%"
"12/21/2022","8.60","8.70","8.80","8.60","730.81K","-1.15%"
"12/20/2022","8.70","8.80","8.80","8.50","476.08K","-1.14%"
"12/19/2022","8.80","8.70","8.90","8.60","571.85K","2.33%"
"12/16/2022","8.60","8.70","8.70","8.60","557.39K","-1.15%"
"12/15/2022","8.70","8.70","8.70","8.60","52.04K","0.00%"
"12/14/2022","8.70","8.70","8.80","8.60","33.42K","-1.14%"
"12/13/2022","8.80","8.90","8.90","8.60","57.30K","0.00%"
"12/12/2022","8.80","9.00","9.00","8.50","550.05K","-2.22%"
"12/09/2022","9.00","8.90","9.20","8.50","117.56K","1.12%"
"12/08/2022","8.90","9.40","9.40","8.80","298.74K","-5.32%"
"12/06/2022","9.40","9.20","9.80","9.00","17.38M","2.17%"
"12/05/2022","9.20","9.20","9.30","9.00","1.27M","0.00%"
"12/02/2022","9.20","9.00","9.30","8.70","2.59M","2.22%"
"12/01/2022","9.00","8.80","9.00","8.70","2.05M","2.27%"
"11/30/2022","8.80","8.50","8.80","8.50","550.27K","2.33%"
"11/29/2022","8.60","8.60","8.70","8.50","777.61K","0.00%"
"11/28/2022","8.60","8.60","8.60","8.50","44.35K","2.38%"
"11/25/2022","8.40","8.50","8.50","8.40","753.13K","-1.18%"
"11/24/2022","8.50","8.60","8.60","8.30","204.52K","0.00%"
"11/23/2022","8.50","8.50","8.60","8.50","101.20K","-1.16%"
"11/22/2022","8.60","8.30","8.60","8.20","4.34M","2.38%"
"11/21/2022","8.40","8.20","8.40","8.20","600.74K","1.20%"
"11/18/2022","8.30","8.50","8.50","8.20","229.57K","-3.49%"
"11/17/2022","8.60","8.50","8.60","8.20","619.74K","2.38%"
"11/16/2022","8.40","8.40","8.50","8.20","746.37K","-1.18%"
"11/15/2022","8.50","8.20","8.60","8.20","12.16M","1.19%"
"11/14/2022","8.40","8.40","8.50","8.30","172.84K","1.20%"
"11/11/2022","8.30","8.30","8.40","8.20","62.61K","0.00%"
"11/10/2022","8.30","8.40","8.50","8.30","300.36K","-1.19%"
"11/09/2022","8.40","8.40","8.50","8.30","251.30K","0.00%"
"11/08/2022","8.40","8.30","8.40","8.20","786.79K","1.20%"
"11/04/2022","8.30","8.40","8.40","8.20","295.22K","0.00%"
"11/03/2022","8.30","8.40","8.40","8.20","24.96K","-1.19%"
"11/02/2022","8.40","8.40","8.40","8.30","23.85K","2.44%"
"11/01/2022","8.20","8.30","8.40","8.20","694.85K","0.00%"
"10/31/2022","8.20","8.30","8.40","8.20","589.98K","0.00%"
"10/28/2022","8.20","8.30","8.30","8.10","554.18K","-1.20%"
"10/27/2022","8.30","8.30","8.40","8.20","40.20K","1.22%"
"10/26/2022","8.20","8.20","8.30","8.10","2.06M","1.23%"
"10/25/2022","8.10","8.10","8.20","7.90","667.66K","0.00%"
"10/21/2022","8.10","8.00","8.10","7.90","256.90K","0.00%"
"10/20/2022","8.10","8.00","8.20","8.00","243.49K","1.25%"
"10/19/2022","8.00","8.10","8.10","7.90","360.80K","-1.23%"
"10/18/2022","8.10","8.30","8.30","8.00","43.72K","-1.22%"
"10/17/2022","8.20","8.30","8.40","8.00","773.26K","-1.20%"
"10/14/2022","8.30","8.30","8.40","8.20","142.58K","0.00%"
"10/13/2022","8.30","8.30","8.40","8.10","153.65K","1.22%"
"10/12/2022","8.20","8.40","8.40","7.90","683.56K","-1.20%"
"10/11/2022","8.30","8.50","8.50","8.10","350.51K","-1.19%"
"10/07/2022","8.40","8.50","8.50","8.30","85.62K","-1.18%"
"10/06/2022","8.50","8.50","8.60","8.40","58.76K","0.00%"
"10/05/2022","8.50","8.50","8.70","8.40","461.76K","-1.16%"
"10/04/2022","8.60","8.60","8.70","8.50","307.14K","0.00%"
"10/03/2022","8.60","8.70","8.90","8.60","53.97K","0.00%"
"09/30/2022","8.60","8.80","8.80","8.50","1.46M","-1.15%"
"09/29/2022","8.70","8.80","8.80","8.60","1.08M","0.00%"
"09/28/2022","8.70","8.70","8.80","8.70","1.22M","-1.14%"
"09/27/2022","8.80","8.90","8.90","8.70","792.30K","-1.12%"
"09/26/2022","8.90","8.90","9.00","8.80","1.31M","1.14%"
"09/23/2022","8.80","8.70","8.90","8.70","845.59K","1.15%"
"09/22/2022","8.70","8.80","8.80","8.60","279.64K","-1.14%"
"09/21/2022","8.80","8.80","8.90","8.70","130.13K","0.00%"
"09/20/2022","8.80","8.90","9.00","8.70","294.79K","0.00%"
"09/19/2022","8.80","8.90","8.90","8.70","98.44K","0.00%"
"09/16/2022","8.80","8.90","8.90","8.70","92.78K","-1.12%"
"09/15/2022","8.90","8.80","8.90","8.70","177.91K","1.14%"
"09/14/2022","8.80","8.70","8.80","8.60","99.00K","1.15%"
"09/13/2022","8.70","8.90","8.90","8.60","174.23K","0.00%"
"09/12/2022","8.70","8.90","8.90","8.60","773.75K","0.00%"
"09/09/2022","8.70","9.00","9.00","8.70","1.23M","1.16%"
"09/08/2022","8.60","8.60","9.00","8.60","2.00M","-1.15%"
"09/07/2022","8.70","8.90","9.00","8.60","385.04K","-2.25%"
"09/06/2022","8.90","9.00","9.10","8.80","329.50K","-2.20%"
"09/05/2022","9.10","8.60","9.20","8.60","4.71M","7.06%"
"09/02/2022","8.50","8.70","8.80","8.40","172.33K","-3.41%"
"09/01/2022","8.80","8.50","8.80","8.40","425.38K","3.53%"
"08/31/2022","8.50","8.30","8.60","8.10","1.36M","3.66%"
"08/30/2022","8.20","8.20","8.20","8.10","487.83K","0.00%"
"08/29/2022","8.20","8.50","8.50","8.10","280.49K","-2.38%"
"08/26/2022","8.40","8.40","8.40","8.20","1.84M","0.00%"
"08/25/2022","8.40","8.50","8.50","8.10","2.08M","0.00%"
"08/24/2022","8.40","8.50","8.50","8.40","235.74K","-1.18%"
"08/23/2022","8.50","8.50","8.60","8.40","220.62K","-1.16%"
"08/22/2022","8.60","8.70","8.70","8.50","317.20K","0.00%"
"08/19/2022","8.60","8.70","8.70","8.40","334.27K","0.00%"
"08/18/2022","8.60","8.50","8.90","8.50","201.54K","-1.15%"
"08/17/2022","8.70","8.70","8.70","8.40","825.38K","2.35%"
"08/16/2022","8.50","8.80","8.90","8.40","1.68M","-3.41%"
"08/15/2022","8.80","8.90","9.00","8.70","420.84K","-1.12%"
"08/12/2022","8.90","9.00","9.00","8.80","3.03M","-1.11%"
"08/10/2022","9.00","9.00","9.10","8.90","1.23M","-1.10%"
"08/09/2022","9.10","9.10","9.20","9.00","519.12K","0.00%"
"08/08/2022","9.10","9.00","9.10","9.00","717.01K","1.11%"
"08/05/2022","9.00","9.20","9.20","9.00","302.90K","-2.17%"
"08/04/2022","9.20","9.20","9.20","9.10","418.47K","1.10%"
"08/03/2022","9.10","9.00","9.20","9.00","718.85K","1.11%"
"08/02/2022","9.00","9.00","9.10","8.90","417.63K","1.12%"
"08/01/2022","8.90","9.00","9.00","8.80","571.06K","0.00%"
"07/29/2022","8.90","8.80","9.00","8.70","2.36M","-1.11%"
"07/28/2022","9.00","9.00","9.00","8.90","21.70K","0.00%"
"07/27/2022","9.00","8.90","9.00","8.90","29.26K","0.00%"
"07/26/2022","9.00","8.90","9.00","8.90","123.20K","0.00%"
"07/25/2022","9.00","9.00","9.00","8.90","121.38K","0.00%"
"07/22/2022","9.00","8.70","9.00","8.70","114.57K","2.27%"
"07/21/2022","8.80","8.70","8.90","8.70","351.11K","1.15%"
"07/20/2022","8.70","8.80","8.80","8.70","42.38K","-1.14%"
"07/19/2022","8.80","8.80","8.80","8.70","94.29K","0.00%"
"07/18/2022","8.80","8.80","8.80","8.70","33.19K","1.15%"
"07/15/2022","8.70","8.70","8.90","8.70","120.94K","0.00%"
"07/14/2022","8.70","8.70","8.70","8.60","61.14K","0.00%"
"07/12/2022","8.70","8.70","8.70","8.60","464.78K","0.00%"
"07/11/2022","8.70","8.70","8.70","8.50","716.44K","1.16%"
"07/08/2022","8.60","8.60","8.70","8.50","223.09K","0.00%"
"07/07/2022","8.60","8.50","8.60","8.40","318.13K","1.18%"
"07/06/2022","8.50","8.50","8.70","8.40","1.09M","0.00%"
"07/05/2022","8.50","8.50","8.60","8.40","260.42K","-1.16%"
"07/04/2022","8.60","8.80","8.80","8.50","210.17K","-2.27%"
"07/01/2022","8.80","8.60","8.80","8.50","632.89K","3.53%"
"06/30/2022","8.50","8.60","8.70","8.50","167.57K","-1.16%"
"06/29/2022","8.60","8.50","8.70","8.50","110.40K","0.00%"
"06/28/2022","8.60","8.50","8.70","8.40","1.65M","0.00%"
"06/27/2022","8.60","8.70","8.70","8.50","806.60K","-2.27%"
"06/24/2022","8.80","8.90","8.90","8.70","864.41K","-1.12%"
"06/23/2022","8.90","9.00","9.00","8.80","254.70K","-1.11%"
"06/22/2022","9.00","9.10","9.10","8.40","1.04M","-11.76%"
"06/21/2022","10.20","9.80","10.20","9.60","800.97K","4.08%"
"06/20/2022","9.80","9.50","9.90","9.50","2.83M","-1.01%"
"06/17/2022","9.90","9.90","9.90","9.50","3.99M","1.02%"
"06/16/2022","9.80","10.10","10.10","9.80","1.66M","-1.01%"
"06/15/2022","9.90","10.20","10.20","9.90","3.34M","-1.98%"
"06/13/2022","10.10","10.30","10.30","10.00","77.88K","-0.98%"
"06/10/2022","10.20","10.10","10.30","10.00","820.56K","0.99%"
"06/09/2022","10.10","9.90","10.10","9.90","80.37K","2.02%"
"06/08/2022","9.90","9.70","10.00","9.70","326.77K","2.06%"
"06/07/2022","9.70","9.80","9.90","9.60","1.49M","-1.02%"
"06/06/2022","9.80","9.70","9.80","9.60","398.42K","1.03%"
"06/03/2022","9.70","9.60","9.70","9.50","849.26K","1.04%"
"06/02/2022","9.60","9.50","9.60","9.50","6.09M","1.05%"
"06/01/2022","9.50","9.40","9.60","9.20","3.41M","1.06%"
"05/31/2022","9.40","9.40","9.70","9.20","1.90M","1.08%"
"05/30/2022","9.30","9.60","9.60","9.30","726.82K","-1.06%"
"05/27/2022","9.40","9.70","9.70","9.30","1.09M","0.00%"
"05/26/2022","9.40","9.70","9.70","9.10","1.10M","-2.08%"
"05/25/2022","9.60","9.70","9.70","9.60","134.88K","0.00%"
"05/24/2022","9.60","9.50","9.80","9.50","33.06K","0.00%"
"05/23/2022","9.60","9.80","9.80","9.60","439.20K","-4.00%"
"05/20/2022","10.00","9.60","10.00","9.60","726.57K","4.17%"
"05/19/2022","9.60","9.60","9.70","9.50","270.33K","0.00%"
"05/18/2022","9.60","9.50","9.60","9.50","1.02M","1.05%"
"05/17/2022","9.50","9.50","9.80","9.20","1.19M","-5.00%"
"05/13/2022","10.00","9.90","10.10","9.80","1.08M","3.09%"
"05/12/2022","9.70","9.20","9.80","9.20","322.32K","5.43%"
"05/09/2022","9.20","9.20","9.50","9.20","127.86K","0.00%"
"05/06/2022","9.20","9.50","9.50","9.20","135.58K","-1.08%"
"05/05/2022","9.30","9.90","9.90","9.10","144.69K","1.09%"
"05/04/2022","9.20","9.00","9.30","9.00","1.47M","2.22%"
"04/29/2022","9.00","9.20","9.40","8.90","6.11M","-2.17%"
"04/28/2022","9.20","9.00","9.40","8.80","4.43M","2.22%"
"04/27/2022","9.00","8.90","9.30","8.70","702.31K","0.00%"
"04/26/2022","9.00","9.00","9.10","8.90","280.86K","-1.10%"
"04/25/2022","9.10","9.30","9.30","9.10","267.95K","-5.21%"
"04/08/2022","9.60","9.50","9.60","9.40","761.06K","0.00%"
"04/07/2022","9.60","9.80","9.80","9.50","1.31M","-2.04%"
"04/06/2022","9.80","9.80","10.00","9.70","225.46K","0.00%"
"04/05/2022","9.80","9.70","10.00","9.70","1.90M","2.08%"
"04/04/2022","9.60","9.80","9.80","9.10","870.39K","-4.00%"
"04/01/2022","10.00","10.00","10.00","9.80","33.50K","0.00%"
"03/31/2022","10.00","10.30","10.30","9.90","1.01M","-2.91%"
"03/30/2022","10.30","10.80","10.80","10.20","986.58K","-4.63%"
"03/29/2022","10.80","11.00","11.00","10.70","502.94K","-1.82%"
"03/28/2022","11.00","11.30","11.30","10.90","343.36K","-0.90%"
"03/25/2022","11.10","11.20","11.30","11.00","282.37K","-0.89%"
"03/24/2022","11.20","11.20","11.20","11.10","436.18K","0.90%"
"03/23/2022","11.10","11.00","11.30","11.00","122.91K","-1.77%"
"03/22/2022","11.30","11.30","11.30","11.00","394.89K","0.00%"
"03/21/2022","11.30","11.00","11.30","11.00","551.85K","0.89%"
"03/18/2022","11.20","11.00","11.20","10.90","6.96M","1.82%"
"03/16/2022","11.00","11.30","11.30","11.00","1.40M","-2.65%"
"03/15/2022","11.30","11.30","11.40","11.10","10.79M","0.00%"
"03/14/2022","11.30","11.40","11.40","11.00","4.74M","0.89%"
"03/11/2022","11.20","11.10","11.40","11.10","1.45M","-0.88%"
"03/10/2022","11.30","11.10","11.30","11.00","545.08K","0.89%"
"03/09/2022","11.20","11.30","11.30","11.00","513.32K","-0.88%"
"03/08/2022","11.30","11.40","11.50","11.00","2.11M","-0.88%"
"03/07/2022","11.40","11.40","11.60","11.30","5.79M","0.88%"
"03/04/2022","11.30","11.40","11.60","11.30","171.45K","-0.88%"
"03/03/2022","11.40","11.70","11.70","11.40","304.17K","-1.72%"
"03/02/2022","11.60","11.70","11.70","11.40","365.13K","-0.85%"
"02/28/2022","11.70","11.40","11.80","11.20","3.82M","3.54%"
"02/25/2022","11.30","11.20","11.50","11.20","2.68M","0.00%"